date,prediction
2012-03-28,0.015505174
2012-03-29,0.010514328
2012-03-30,-0.001754751
2012-04-02,0.008058945
2012-04-03,0.015231917
2012-04-04,-0.00012846803
2012-04-05,-0.013453057
2012-04-09,-0.007021924
2012-04-10,0.03559647
2012-04-11,0.028894046
2012-04-12,0.044970106
2012-04-13,0.041378926
2012-04-16,0.061637323
2012-04-17,0.06631816
2012-04-18,0.0681505
2012-04-19,0.054864477
2012-04-20,0.06619731
2012-04-23,0.07063342
2012-04-24,0.047166746
2012-04-25,0.056832116
2012-04-26,0.066037245
2012-04-27,0.089813
2012-04-30,0.0864403
2012-05-01,0.083183475
2012-05-02,0.102129556
2012-05-03,0.11211342
2012-05-04,0.09478704
2012-05-07,0.09536485
2012-05-08,0.09696365
2012-05-09,0.06638036
2012-05-10,0.06010739
2012-05-11,0.050398033
2012-05-14,0.05975051
2012-05-15,0.06024186
2012-05-16,0.073804446
2012-05-17,0.058900993
2012-05-18,0.055716585
2012-05-21,0.044474076
2012-05-22,0.044795614
2012-05-23,0.025887469
2012-05-24,0.022759715
2012-05-25,0.025038699
2012-05-29,0.057655554
2012-05-30,0.05682228
2012-05-31,0.066537954
2012-06-01,0.06615455
2012-06-04,0.08342279
2012-06-05,0.07991863
2012-06-06,0.0757486
2012-06-07,0.05651624
2012-06-08,0.030099848
2012-06-11,0.053536784
2012-06-12,0.061801773
2012-06-13,0.06397081
2012-06-14,0.050465774
2012-06-15,0.04118819
2012-06-18,0.040386032
2012-06-19,0.004588405
2012-06-20,0.034402918
2012-06-21,0.027761618
2012-06-22,0.042116087
2012-06-25,0.006986777
2012-06-26,0.0037653842
2012-06-27,-0.013507476
2012-06-28,-0.014937332
2012-06-29,-0.034241367
2012-07-02,-0.046637047
2012-07-03,-0.05603193
2012-07-05,-0.057876904
2012-07-06,-0.057783265
2012-07-09,-0.055342246
2012-07-10,-0.037399102
2012-07-11,-0.052577455
2012-07-12,-0.0597709
2012-07-13,-0.06818246
2012-07-16,-0.06564482
2012-07-17,-0.031166097
2012-07-18,-0.028609058
2012-07-19,-0.033089
2012-07-20,-0.04360311
2012-07-23,-0.039385337
2012-07-24,-0.027534923
2012-07-25,-0.042326618
2012-07-26,-0.035779018
2012-07-27,-0.05335461
2012-07-30,-0.062964015
2012-07-31,-0.06802248
2012-08-01,-0.068031214
2012-08-02,-0.045713533
2012-08-03,-0.0024098358
2012-08-06,-0.0013649664
2012-08-07,-0.043950725
2012-08-08,-0.06688955
2012-08-09,-0.071357094
2012-08-10,-0.050121892
2012-08-13,-0.0064195893
2012-08-14,-0.0070105395
2012-08-15,-0.02257963
2012-08-16,-0.022104373
2012-08-17,-0.042523164
2012-08-20,-0.029064974
2012-08-21,-0.013987502
2012-08-22,-0.008973738
2012-08-23,-0.017728886
2012-08-24,-0.031607706
2012-08-27,-0.012276998
2012-08-28,-0.01899912
2012-08-29,-0.010377249
2012-08-30,-0.0034780405
2012-08-31,-0.015170297
2012-09-04,-0.0013988218
2012-09-05,0.022771725
2012-09-06,0.04279272
2012-09-07,0.049554598
2012-09-10,0.033810627
2012-09-11,0.030218909
2012-09-12,0.031663816
2012-09-13,0.03142978
2012-09-14,0.049740296
2012-09-17,0.041399878
2012-09-18,0.055023056
2012-09-19,0.0528997
2012-09-20,0.040298175
2012-09-21,0.042500865
2012-09-24,0.047589105
2012-09-25,0.05553017
2012-09-26,0.047159117
2012-09-27,0.05376814
2012-09-28,0.034385603
2012-10-01,0.054041516
2012-10-02,0.047518324
2012-10-03,0.03822754
2012-10-04,0.033137064
2012-10-05,0.022354642
2012-10-08,0.004596839
2012-10-09,0.007778565
2012-10-10,0.009556571
2012-10-11,0.009972582
2012-10-12,0.016145
2012-10-15,0.008099088
2012-10-16,0.012493411
2012-10-17,0.0014884868
2012-10-18,0.020654926
2012-10-19,0.01585243
2012-10-22,0.009403089
2012-10-23,0.009580353
2012-10-24,0.0067088106
2012-10-25,-0.0038596592
2012-10-26,-0.01746585
2012-10-31,-0.031106493
2012-11-01,-0.015818348
2012-11-02,-0.00042807078
2012-11-05,-0.005725076
2012-11-06,0.00045670057
2012-11-07,0.009036908
2012-11-08,0.041604053
2012-11-09,0.027574161
2012-11-12,0.02890242
2012-11-13,0.032748412
2012-11-14,0.027871529
2012-11-15,0.03095902
2012-11-16,0.021608064
2012-11-19,0.029850045
2012-11-20,0.03676666
2012-11-21,0.028874764
2012-11-23,-0.0036483905
2012-11-26,-0.007870963
2012-11-27,-0.009975037
2012-11-28,0.00038431073
2012-11-29,0.0038175383
2012-11-30,0.00032574916
2012-12-03,0.02033628
2012-12-04,0.014013419
2012-12-05,0.024763653
2012-12-06,0.020985106
2012-12-07,0.027942816
2012-12-10,0.021766106
2012-12-11,0.02142478
2012-12-12,0.006729881
2012-12-13,0.0015021958
2012-12-14,0.00785909
2012-12-17,-0.0027547083
2012-12-18,-0.030011808
2012-12-19,-0.029355353
2012-12-20,-0.02582728
2012-12-21,-0.05072439
2012-12-24,-0.057447273
2012-12-26,-0.03887226
2012-12-27,-0.046768133
2012-12-28,-0.06515766
2012-12-31,-0.085762806
2013-01-02,-0.08887357
2013-01-03,-0.052563135
2013-01-04,-0.055121977
2013-01-07,-0.08317623
2013-01-08,-0.086676605
2013-01-09,-0.069514774
2013-01-10,-0.054780293
2013-01-11,-0.060700674
2013-01-14,-0.059652854
2013-01-15,-0.08002766
2013-01-16,-0.09330059
2013-01-17,-0.07221798
2013-01-18,-0.10658761
2013-01-22,-0.0931639
2013-01-23,-0.07415909
2013-01-24,-0.09214898
2013-01-25,-0.10763758
2013-01-28,-0.12718411
2013-01-29,-0.09849339
2013-01-30,-0.11885191
2013-01-31,-0.16638014
2013-02-01,-0.16003838
2013-02-04,-0.13406387
2013-02-05,-0.15530075
2013-02-06,-0.13535745
2013-02-07,-0.16651855
2013-02-08,-0.13133258
2013-02-11,-0.13799931
2013-02-12,-0.10925906
2013-02-13,-0.118775316
2013-02-14,-0.1204875
2013-02-15,-0.15769386
2013-02-19,-0.1402779
2013-02-20,-0.14857836
2013-02-21,-0.13784924
2013-02-22,-0.13308267
2013-04-01,-0.18631765
2013-04-02,-0.15056303
2013-04-03,-0.22690362
2013-04-04,-0.16599774
2013-04-05,-0.2099776
2013-04-08,-0.12756732
2013-04-09,-0.13024527
2013-04-10,-0.05967415
2013-04-11,-0.04487682
2013-04-12,-0.07705752
2013-04-15,-0.12211431
2013-04-16,-0.054910235
2013-04-17,-0.12020727
2013-04-18,-0.11258625
2013-04-19,0.113576986
2013-04-22,0.23461351
2013-04-23,0.2411222
2013-04-24,0.25641838
2013-04-25,0.14087291
2013-04-26,0.028053248
2013-04-29,-0.014216771
2013-04-30,-0.1346533
2013-05-01,-0.20588343
2013-05-02,-0.2968435
2013-05-03,-0.2722029
2013-05-06,-0.29110527
2013-05-07,-0.2958263
2013-05-08,-0.3082108
2013-05-09,-0.29742557
2013-05-10,-0.22450617
2013-05-13,-0.17872724
2013-05-14,-0.1618764
2013-05-15,-0.2111603
2013-05-16,-0.16662095
2013-05-17,-0.0553246
2013-05-20,0.028902521
2013-05-21,0.071346246
2013-05-22,0.09570001
2013-05-23,0.15592548
2013-05-24,0.19991796
2013-05-28,0.19502118
2013-05-29,0.0266764
2013-05-30,0.16306217
2013-05-31,0.08681213
2013-06-03,0.10409003
2013-06-04,0.13139203
2013-06-05,0.0834548
2013-06-06,0.08450951
2013-06-07,0.17518088
2013-06-10,0.11804227
2013-06-11,0.15349233
2013-06-12,0.2005247
2013-06-13,0.12499819
2013-06-14,0.106205694
2013-06-17,0.100788854
2013-06-18,0.086716674
2013-06-19,0.03165745
2013-06-20,0.075228654
2013-06-21,-0.017791962
2013-06-24,-0.08697965
2013-06-25,-0.028321793
2013-06-26,-0.19247895
2013-06-27,-0.007052517
2013-06-28,0.10873353
2013-07-01,0.17839871
2013-07-02,0.006811419
2013-07-03,0.13742869
2013-07-05,-0.1567821
2013-07-08,-0.22807558
2013-07-09,-0.35352108
2013-07-10,-0.3638533
2013-07-11,-0.39394048
2013-07-12,-0.25471577
2013-07-15,-0.25920695
2013-07-16,-0.24903333
2013-07-17,-0.18114448
2013-07-18,-0.17984387
2013-07-19,-0.027404523
2013-07-22,-0.041870125
2013-07-23,0.00089805713
2013-07-24,-0.09665782
2013-07-25,0.0409401
2013-07-26,0.06355878
2013-07-29,-0.13210753
2013-07-30,-0.14480487
2013-07-31,0.0476185
2013-08-01,0.05993893
2013-08-02,0.0012851893
2013-08-05,0.061819606
2013-08-06,-0.0007937313
2013-08-07,-0.11020071
2013-08-08,-0.18503287
2013-08-09,-0.15699387
2013-08-12,-0.13725024
2013-08-13,-0.11051018
2013-08-14,-0.12086014
2013-08-15,-0.12472809
2013-08-16,-0.102931894
2013-08-19,-0.17285004
2013-08-20,-0.13558394
2013-08-21,-0.14317289
2013-08-22,-0.12692767
2013-08-23,-0.09937952
2013-08-26,-0.123812295
2013-08-27,-0.13721767
2013-08-28,-0.15038526
2013-08-29,-0.1867953
2013-08-30,-0.1678974
2013-09-03,-0.34529284
2013-09-04,-0.32060525
2013-09-05,-0.2194109
2013-09-06,-0.07398001
2013-09-09,-0.05070395
2013-09-10,-0.021007812
2013-09-11,-0.06938548
2013-09-12,-0.13202992
2013-09-13,-0.19554913
2013-09-16,-0.19214582
2013-09-17,-0.20318328
2013-09-18,-0.1937886
2013-09-19,-0.18849656
2013-09-20,-0.14495704
2013-09-23,-0.110126115
2013-09-24,-0.025621703
2013-09-25,-0.24292167
2013-09-26,-0.16751714
2013-09-27,-0.1349387
2013-09-30,-0.09986152
2013-10-01,0.020270506
2013-10-02,0.07614245
2013-10-03,0.06332207
2013-10-04,0.09923091
2013-10-07,0.11810652
2013-10-08,0.20980006
2013-10-09,0.17104317
2013-10-10,0.19023296
2013-10-11,0.15076965
2013-10-14,0.15362075
2013-10-15,0.23984231
2013-10-16,0.24953464
2013-10-17,0.18573695
2013-10-18,0.106641494
2013-10-21,0.028537722
2013-10-22,-0.026214534
2013-10-23,-0.02646905
2013-10-24,-0.101944275
2013-10-25,-0.07768866
2013-10-28,-0.10266083
2013-10-29,-0.16630979
2013-10-30,-0.12813148
2013-10-31,0.009709453
2013-11-01,0.10421645
2013-11-04,0.09669111
2013-11-05,-0.0081295315
2013-11-06,0.018618902
2013-11-07,-0.0048451726
2013-11-08,-0.030594563
2013-11-11,-0.0023630937
2013-11-12,-0.03475522
2013-11-13,0.0077262125
2013-11-14,0.012739459
2013-11-15,0.04540201
2013-11-18,0.055945832
2013-11-19,0.12547211
2013-11-20,0.00881728
2013-11-21,0.02813304
2013-11-22,0.008406611
2013-11-25,0.06843573
2013-11-26,0.09487545
2013-11-27,0.13001677
2013-11-29,0.13305016
2013-12-02,0.11871847
2013-12-03,0.103395484
2013-12-04,0.12625915
2013-12-05,0.067064114
2013-12-06,0.08104754
2013-12-09,0.0663545
2013-12-10,0.013360182
2013-12-11,0.056799997
2013-12-12,0.083233096
2013-12-13,0.06845527
2013-12-16,0.079777226
2013-12-17,0.07151033
2013-12-18,0.06728114
2013-12-19,0.085319236
2013-12-20,0.12359854
2013-12-23,0.117139645
2013-12-24,0.08730826
2013-12-26,0.07869787
2013-12-27,0.06549335
2013-12-30,0.026254902
2013-12-31,-0.010980822
2014-01-02,-0.032060556
2014-01-03,-0.036546018
2014-01-06,-0.028254403
2014-01-07,-3.8624275e-05
2014-01-08,-0.027030846
2014-01-09,0.007090991
2014-01-10,0.0681017
2014-01-13,0.055283394
2014-01-14,0.1185412
2014-01-15,0.108253494
2014-01-16,0.0008011549
2014-01-17,-0.0106389765
2014-01-21,-0.02821084
2014-01-22,-0.055768847
2014-01-23,0.021686329
2014-01-24,-0.093621746
2014-01-27,-0.070707895
2014-01-28,-0.09740133
2014-01-29,-0.06724515
2014-01-30,0.05698868
2014-01-31,0.12898888
2014-02-03,0.177085
2014-02-04,0.2957422
2014-02-05,0.36147007
2014-02-06,0.3578694
2014-02-07,0.31118348
2014-02-10,0.14405233
2014-02-11,0.037384577
2014-02-12,-0.011933407
2014-02-13,0.018747697
2014-02-14,0.048915915
2014-02-18,-0.031054875
2014-02-19,-0.012526413
2014-02-20,-0.024157995
2014-02-21,-0.116230644
2014-03-28,0.13601685
2014-03-31,0.14770837
2014-04-01,0.15355341
2014-04-02,0.17884573
2014-04-03,0.18020397
2014-04-04,0.16549249
2014-04-07,0.14724335
2014-04-08,0.08312472
2014-04-09,0.09381039
2014-04-10,0.089653686
2014-04-11,0.031414762
2014-04-14,-0.01870273
2014-04-15,-0.039646313
2014-04-16,-0.018789642
2014-04-17,0.053559978
2014-04-21,0.10417989
2014-04-22,0.094698146
2014-04-23,0.068544045
2014-04-24,0.065686315
2014-04-25,0.07187826
2014-04-28,0.10541158
2014-04-29,0.12589896
2014-04-30,0.11689012
2014-05-01,0.10981794
2014-05-02,0.1392853
2014-05-05,0.162311
2014-05-06,0.20507067
2014-05-07,0.18163505
2014-05-08,0.15364578
2014-05-09,0.123529196
2014-05-12,0.099692166
2014-05-13,0.12537135
2014-05-14,0.12973559
2014-05-15,0.13167256
2014-05-16,0.14116295
2014-05-19,0.13106264
2014-05-20,0.1252641
2014-05-21,0.11218707
2014-05-22,0.10418215
2014-05-23,0.11018148
2014-05-27,0.09980598
2014-05-28,0.10545629
2014-05-29,0.11662972
2014-05-30,0.10918334
2014-06-02,0.10731417
2014-06-03,0.08306339
2014-06-04,0.06072805
2014-06-05,0.057478912
2014-06-06,0.068170644
2014-06-09,0.08283796
2014-06-10,0.07938821
2014-06-11,0.09844603
2014-06-12,0.07868249
2014-06-13,0.04993398
2014-06-16,0.035888616
2014-06-17,0.015464936
2014-06-18,0.014512406
2014-06-19,0.032083616
2014-06-20,0.05354865
2014-06-23,0.061547652
2014-06-24,0.06762354
2014-06-25,0.06612389
2014-06-26,0.07026235
2014-06-27,0.065024175
2014-06-30,0.06821691
2014-07-01,0.06903768
2014-07-02,0.10225464
2014-07-03,0.1237068
2014-07-07,0.14279784
2014-07-08,0.13263252
2014-07-09,0.12677059
2014-07-10,0.13925712
2014-07-11,0.124387994
2014-07-14,0.12222039
2014-07-15,0.11694122
2014-07-16,0.13194698
2014-07-17,0.11039612
2014-07-18,0.11044457
2014-07-21,0.1098184
2014-07-22,0.12763348
2014-07-23,0.10243564
2014-07-24,0.11072471
2014-07-25,0.079117775
2014-07-28,0.06797067
2014-07-29,0.07302163
2014-07-30,0.08335452
2014-07-31,0.08565492
2014-08-01,0.06759429
2014-08-04,-0.016666822
2014-08-05,0.036140967
2014-08-06,-0.01906813
2014-08-07,0.007850705
2014-08-08,-0.005747063
2014-08-11,0.033132195
2014-08-12,0.07399501
2014-08-13,0.07611451
2014-08-14,0.08720959
2014-08-15,0.096690945
2014-08-18,0.09319397
2014-08-19,0.07491686
2014-08-20,0.08456098
2014-08-21,0.035525322
2014-08-22,0.040426806
2014-08-25,0.038405612
2014-08-26,0.021027826
2014-08-27,0.047663555
2014-08-28,0.026864812
2014-08-29,0.04868281
2014-09-02,0.01684174
2014-09-03,-0.014894976
2014-09-04,-0.09305526
2014-09-05,-0.10182294
2014-09-08,-0.06344916
2014-09-09,-0.10371697
2014-09-10,-0.16379452
2014-09-11,-0.13776872
2014-09-12,-0.09505749
2014-09-15,-0.10366258
2014-09-16,-0.11908564
2014-09-17,-0.084515065
2014-09-18,-0.060103953
2014-09-19,-0.059868157
2014-09-22,-0.07945496
2014-09-23,-0.036919743
2014-09-24,-0.047819257
2014-09-25,-0.054381937
2014-09-26,-0.060316414
2014-09-29,-0.06693089
2014-09-30,-0.06475377
2014-10-01,-0.04837343
2014-10-02,-0.042022854
2014-10-03,-0.048636585
2014-10-06,-0.046340853
2014-10-07,-0.06777042
2014-10-08,-0.055268764
2014-10-09,-0.042289138
2014-10-10,-0.022887051
2014-10-13,-0.052884027
2014-10-14,-0.051270276
2014-10-15,-0.046999693
2014-10-16,-0.046419293
2014-10-17,-0.023018017
2014-10-20,-0.005050092
2014-10-21,0.036062032
2014-10-22,0.07402438
2014-10-23,0.0992665
2014-10-24,0.11427382
2014-10-27,0.09440276
2014-10-28,0.11527094
2014-10-29,0.026709676
2014-10-30,0.038798124
2014-10-31,0.034277827
2014-11-03,0.025758535
2014-11-04,0.06181431
2014-11-05,0.05625105
2014-11-06,0.026058555
2014-11-07,-0.015110373
2014-11-10,-0.0463306
2014-11-11,-0.01778078
2014-11-12,-0.033970833
2014-11-13,-0.04026425
2014-11-14,-0.06021434
2014-11-17,-0.0533669
2014-11-18,-0.07226181
2014-11-19,-0.08248246
2014-11-20,-0.088932216
2014-11-21,-0.102707
2014-11-24,-0.105070025
2014-11-25,-0.1083757
2014-11-26,-0.09071806
2014-11-28,-0.13496378
2014-12-01,-0.07134166
2014-12-02,-0.067926645
2014-12-03,-0.08118686
2014-12-04,-0.11970422
2014-12-05,-0.08857623
2014-12-08,-0.07580438
2014-12-09,-0.06164536
2014-12-10,-0.041152418
2014-12-11,0.0011324892
2014-12-12,0.0075582275
2014-12-15,-0.00017639901
2014-12-16,0.0054053077
2014-12-17,-0.038942933
2014-12-18,0.0040311823
2014-12-19,-0.033998907
2014-12-22,-0.018239617
2014-12-23,-0.01495999
2014-12-24,0.021414727
2014-12-26,0.05115214
2014-12-29,0.09226465
2014-12-30,0.07471919
2014-12-31,0.0798246
2015-01-02,0.06421563
2015-01-05,0.045382947
2015-01-06,0.022830218
2015-01-07,0.0422543
2015-01-08,-0.0053141406
2015-01-09,-0.03377682
2015-01-12,-0.062309027
2015-01-13,-0.062974125
2015-01-14,-0.07742706
2015-01-15,-0.09963909
2015-01-16,-0.09644261
2015-01-20,-0.021188557
2015-01-21,-0.028113663
2015-01-22,-0.02321729
2015-01-23,-0.015836477
2015-01-26,-0.023862213
2015-01-27,0.0013056407
2015-01-28,0.034632176
2015-01-29,0.07414323
2015-01-30,0.011936397
2015-02-02,0.0402866
2015-02-03,-0.0024717143
2015-02-04,-0.04473126
2015-02-05,-0.05738069
2015-02-06,-0.069031656
2015-02-09,-0.030849814
2015-02-10,-0.02630338
2015-02-11,-0.057299316
2015-02-12,-0.07126783
2015-02-13,-0.08994296
2015-02-17,-0.08205207
2015-02-18,-0.074637234
2015-02-19,-0.08725187
2015-02-20,-0.051842153
2015-03-27,-0.07476401
2015-03-30,-0.11705887
2015-03-31,-0.13192105
2015-04-01,-0.16967452
2015-04-02,-0.2019844
2015-04-06,-0.2174195
2015-04-07,-0.15310296
2015-04-08,-0.17714703
2015-04-09,-0.19020225
2015-04-10,-0.12404284
2015-04-13,-0.1990455
2015-04-14,-0.17794928
2015-04-15,-0.14753942
2015-04-16,-0.057726923
2015-04-17,0.041293584
2015-04-20,0.018231403
2015-04-21,0.021241697
2015-04-22,0.01933582
2015-04-23,0.05845114
2015-04-24,-0.0095026735
2015-04-27,0.07655666
2015-04-28,0.023655618
2015-04-29,-0.09200314
2015-04-30,-0.16206276
2015-05-01,-0.17588067
2015-05-04,-0.16673684
2015-05-05,-0.22179449
2015-05-06,-0.24476099
2015-05-07,-0.27857012
2015-05-08,-0.22988331
2015-05-11,-0.24978733
2015-05-12,-0.25356078
2015-05-13,-0.2255522
2015-05-14,-0.2527914
2015-05-15,-0.28520447
2015-05-18,-0.3800248
2015-05-19,-0.37787277
2015-05-20,-0.40102506
2015-05-21,-0.41460183
2015-05-22,-0.43582875
2015-05-26,-0.44908762
2015-05-27,-0.3595965
2015-05-28,-0.3244756
2015-05-29,-0.27620524
2015-06-01,-0.26354784
2015-06-02,-0.3019867
2015-06-03,-0.30071616
2015-06-04,-0.20911407
2015-06-05,-0.18947423
2015-06-08,-0.26971996
2015-06-09,-0.3468656
2015-06-10,-0.25134122
2015-06-11,-0.21631926
2015-06-12,-0.235192
2015-06-15,-0.27999693
2015-06-16,-0.34275973
2015-06-17,-0.37044203
2015-06-18,-0.369596
2015-06-19,-0.32766473
2015-06-22,-0.27027684
2015-06-23,-0.2704876
2015-06-24,-0.36952734
2015-06-25,-0.46669197
2015-06-26,-0.4479133
2015-06-29,-0.36052477
2015-06-30,-0.39001012
2015-07-01,-0.30687374
2015-07-02,-0.34631935
2015-07-06,-0.45082337
2015-07-07,-0.38664436
2015-07-08,-0.5042378
2015-07-09,-0.4968183
2015-07-10,-0.44102728
2015-07-13,-0.22097766
2015-07-14,-0.17743126
2015-07-15,-0.20011628
2015-07-16,-0.21342473
2015-07-17,-0.18499418
2015-07-20,-0.18307742
2015-07-21,-0.19266555
2015-07-22,-0.1514413
2015-07-23,-0.1438583
2015-07-24,-0.20679845
2015-07-27,-0.20837219
2015-07-28,-0.25340068
2015-07-29,-0.2492035
2015-07-30,-0.1892069
2015-07-31,-0.21224833
2015-08-03,-0.23252049
2015-08-04,-0.31255814
2015-08-05,-0.4177373
2015-08-06,-0.4312232
2015-08-07,-0.48530474
2015-08-10,-0.45571315
2015-08-11,-0.32535183
2015-08-12,-0.28749192
2015-08-13,-0.37257755
2015-08-14,-0.3701185
2015-08-17,-0.27215043
2015-08-18,-0.22236782
2015-08-19,-0.2930271
2015-08-20,-0.34789044
2015-08-21,-0.4050941
2015-08-24,-0.5139739
2015-08-25,-0.6003486
2015-08-26,-0.44738263
2015-08-27,-0.49103448
2015-08-28,-0.6177987
2015-08-31,-0.7597626
2015-09-01,-0.71759784
2015-09-02,-0.43278992
2015-09-03,-0.3751384
2015-09-04,-0.4085509
2015-09-08,-0.43466637
2015-09-09,-0.43053243
2015-09-10,-0.55391824
2015-09-11,-0.659142
2015-09-14,-0.67615604
2015-09-15,-0.63567024
2015-09-16,-0.6128172
2015-09-17,-0.65348256
2015-09-18,-0.6539093
2015-09-21,-0.64039195
2015-09-22,-0.54098225
2015-09-23,-0.45615262
2015-09-24,-0.4095832
2015-09-25,-0.42791665
2015-09-28,-0.40826163
2015-09-29,-0.42821908
2015-09-30,-0.40678546
2015-10-01,-0.34034032
2015-10-02,-0.10916895
2015-10-05,-0.136822
2015-10-06,-0.095275015
2015-10-07,-0.11605777
2015-10-08,-0.11540117
2015-10-09,-0.12266253
2015-10-12,-0.1561419
2015-10-13,-0.19068764
2015-10-14,-0.1852333
2015-10-15,-0.17076667
2015-10-16,-0.19768682
2015-10-19,-0.13403429
2015-10-20,-0.071147755
2015-10-21,-0.09805047
2015-10-22,-0.07628219
2015-10-23,-0.03474479
2015-10-26,-0.14284736
2015-10-27,-0.048298337
2015-10-28,-0.06251964
2015-10-29,-0.063003294
2015-10-30,-0.08641015
2015-11-02,-0.08030775
2015-11-03,-0.015141966
2015-11-04,-0.008377077
2015-11-05,-0.0099607725
2015-11-06,-0.03450065
2015-11-09,-0.058454435
2015-11-10,-0.03447748
2015-11-11,-0.1550589
2015-11-12,-0.20983134
2015-11-13,-0.2151819
2015-11-16,-0.24430421
2015-11-17,-0.3242281
2015-11-18,-0.30453524
2015-11-19,-0.2320858
2015-11-20,-0.24161795
2015-11-23,-0.14386177
2015-11-24,-0.10500574
2015-11-25,-0.14959407
2015-11-27,-0.10049939
2015-11-30,-0.05854392
2015-12-01,-0.12070298
2015-12-02,-0.09845066
2015-12-03,-0.13370618
2015-12-04,-0.085184485
2015-12-07,-0.12008679
2015-12-08,-0.10438688
2015-12-09,-0.045584455
2015-12-10,-0.063388415
2015-12-11,-0.0765743
2015-12-14,0.044684704
2015-12-15,0.03241788
2015-12-16,0.014846327
2015-12-17,-0.0056693573
2015-12-18,-0.11923505
2015-12-21,-0.11860516
2015-12-22,-0.13997415
2015-12-23,-0.12919551
2015-12-24,-0.16634932
2015-12-28,-0.16789778
2015-12-29,-0.22209339
2015-12-30,-0.2865431
2015-12-31,-0.34392288
2016-01-04,-0.2984776
2016-01-05,-0.6788019
2016-01-06,-0.6129871
2016-01-07,-0.56395394
2016-01-08,-0.5179187
2016-01-11,-0.4772173
2016-01-12,-0.3873797
2016-01-13,-0.24377118
2016-01-14,-0.25120324
2016-01-15,-0.31121215
2016-01-19,-0.2978323
2016-01-20,-0.27722108
2016-01-21,-0.25738505
2016-01-22,-0.2008554
2016-01-25,-0.31813267
2016-01-26,-0.39897442
2016-01-27,-0.5153009
2016-01-28,-0.55582875
2016-01-29,-0.5694666
2016-02-01,-0.67846805
2016-02-02,-0.3574897
2016-02-03,-0.38724667
2016-02-04,-0.4348858
2016-02-05,-0.4340762
2016-02-08,-0.4933228
2016-02-09,-0.47208592
2016-02-10,-0.46527347
2016-02-11,-0.4949329
2016-02-12,-0.42415696
2016-02-16,-0.39351064
2016-02-17,-0.525708
2016-02-18,-0.5099017
2016-02-19,-0.5282041
2016-02-22,-0.5258871
2016-03-29,-0.0998807
2016-03-30,-0.08815106
2016-03-31,-0.084925346
2016-04-01,-0.08228081
2016-04-04,-0.061453555
2016-04-05,-0.058662757
2016-04-06,-0.05077679
2016-04-07,-0.039820105
2016-04-08,-0.04820923
2016-04-11,-0.06420467
2016-04-12,-0.06323063
2016-04-13,-0.052391667
2016-04-14,-0.06371228
2016-04-15,-0.06246094
2016-04-18,-0.05371523
2016-04-19,-0.05405558
2016-04-20,-0.035715405
2016-04-21,-0.018899897
2016-04-22,-0.016882434
2016-04-25,-0.036696635
2016-04-26,-0.05869247
2016-04-27,-0.050785717
2016-04-28,-0.045162305
2016-04-29,-0.035413846
2016-05-02,-0.033090603
2016-05-03,-0.04707273
2016-05-04,-0.04483858
2016-05-05,-0.052058563
2016-05-06,-0.05640777
2016-05-09,-0.07463349
2016-05-10,-0.09001523
2016-05-11,-0.07108793
2016-05-12,-0.063992195
2016-05-13,-0.05415043
2016-05-16,-0.048798535
2016-05-17,-0.034121398
2016-05-18,-0.038640987
2016-05-19,-0.028259147
2016-05-20,-0.038157772
2016-05-23,-0.05636766
2016-05-24,-0.06276926
2016-05-25,-0.064899765
2016-05-26,-0.05431043
2016-05-27,-0.04963227
2016-05-31,-0.04138833
2016-06-01,-0.043010894
2016-06-02,-0.053412404
2016-06-03,-0.055652063
2016-06-06,-0.059057187
2016-06-07,-0.054948095
2016-06-08,-0.05401903
2016-06-09,-0.05144665
2016-06-10,-0.04658434
2016-06-13,-0.050358098
2016-06-14,-0.0560528
2016-06-15,-0.07489841
2016-06-16,-0.0985383
2016-06-17,-0.114443906
2016-06-20,-0.12587534
2016-06-21,-0.10874374
2016-06-22,-0.09830978
2016-06-23,-0.07608844
2016-06-24,-0.040374037
2016-06-27,-0.051254157
2016-06-28,-0.08220335
2016-06-29,-0.10269468
2016-06-30,-0.12034535
2016-07-01,-0.14083816
2016-07-05,-0.10238702
2016-07-06,-0.090570055
2016-07-07,-0.12245358
2016-07-08,-0.07689349
2016-07-11,-0.04923207
2016-07-12,-0.050307814
2016-07-13,-0.059388395
2016-07-14,-0.07654321
2016-07-15,-0.078654334
2016-07-18,-0.06218524
2016-07-19,-0.07610497
2016-07-20,-0.06603779
2016-07-21,-0.096362695
2016-07-22,-0.10345441
2016-07-25,-0.09850693
2016-07-26,-0.106493674
2016-07-27,-0.102006525
2016-07-28,-0.10877724
2016-07-29,-0.104536176
2016-08-01,-0.09586903
2016-08-02,-0.08230816
2016-08-03,-0.09727344
2016-08-04,-0.09216728
2016-08-05,-0.085429974
2016-08-08,-0.088214286
2016-08-09,-0.087164715
2016-08-10,-0.09366277
2016-08-11,-0.10316389
2016-08-12,-0.104656376
2016-08-15,-0.09507234
2016-08-16,-0.09239387
2016-08-17,-0.09793288
2016-08-18,-0.10140399
2016-08-19,-0.09540864
2016-08-22,-0.08247103
2016-08-23,-0.08449697
2016-08-24,-0.07872275
2016-08-25,-0.08964009
2016-08-26,-0.09325829
2016-08-29,-0.089879535
2016-08-30,-0.101424515
2016-08-31,-0.1110064
2016-09-01,-0.1253337
2016-09-02,-0.12498944
2016-09-06,-0.11656858
2016-09-07,-0.105134554
2016-09-08,-0.09391836
2016-09-09,-0.0733932
2016-09-12,-0.09917625
2016-09-13,-0.09600158
2016-09-14,-0.09601753
2016-09-15,-0.10905271
2016-09-16,-0.1108937
2016-09-19,-0.111410886
2016-09-20,-0.13321589
2016-09-21,-0.12217476
2016-09-22,-0.10502204
2016-09-23,-0.10222865
2016-09-26,-0.09465298
2016-09-27,-0.0942275
2016-09-28,-0.10381032
2016-09-29,-0.094002426
2016-09-30,-0.091957316
2016-10-03,-0.0972105
2016-10-04,-0.10519443
2016-10-05,-0.12858222
2016-10-06,-0.12682845
2016-10-07,-0.12721519
2016-10-10,-0.13509902
2016-10-11,-0.13156392
2016-10-12,-0.14985144
2016-10-13,-0.15657102
2016-10-14,-0.15922146
2016-10-17,-0.15074949
2016-10-18,-0.1635845
2016-10-19,-0.15605995
2016-10-20,-0.14458169
2016-10-21,-0.14510764
2016-10-24,-0.13559094
2016-10-25,-0.13500921
2016-10-26,-0.14497209
2016-10-27,-0.16059247
2016-10-28,-0.15197065
2016-10-31,-0.16153604
2016-11-01,-0.16401331
2016-11-02,-0.21744354
2016-11-03,-0.22873485
2016-11-04,-0.25826764
2016-11-07,-0.2435178
2016-11-08,-0.23501611
2016-11-09,-0.22930683
2016-11-10,-0.22446273
2016-11-11,-0.21881734
2016-11-14,-0.20544417
2016-11-15,-0.21241902
2016-11-16,-0.195512
2016-11-17,-0.20336454
2016-11-18,-0.22448464
2016-11-21,-0.22349513
2016-11-22,-0.23898031
2016-11-23,-0.23783702
2016-11-25,-0.26063904
2016-11-28,-0.26412198
2016-11-29,-0.2579842
2016-11-30,-0.26113096
2016-12-01,-0.24996968
2016-12-02,-0.23239121
2016-12-05,-0.23644423
2016-12-06,-0.2281784
2016-12-07,-0.22512169
2016-12-08,-0.21846996
2016-12-09,-0.2209851
2016-12-12,-0.22560951
2016-12-13,-0.22831942
2016-12-14,-0.23347229
2016-12-15,-0.22196586
2016-12-16,-0.19374834
2016-12-19,-0.20629215
2016-12-20,-0.22772132
2016-12-21,-0.25469682
2016-12-22,-0.27221876
2016-12-23,-0.2675366
2016-12-27,-0.26698798
2016-12-28,-0.2597128
2016-12-29,-0.25915766
2016-12-30,-0.2488483
2017-01-03,-0.22068654
2017-01-04,-0.21249919
2017-01-05,-0.21664904
2017-01-06,-0.2496906
2017-01-09,-0.2408706
2017-01-10,-0.24646057
2017-01-11,-0.24845473
2017-01-12,-0.25456017
2017-01-13,-0.25869974
2017-01-17,-0.25159934
2017-01-18,-0.2524866
2017-01-19,-0.23951091
2017-01-20,-0.24906342
2017-01-23,-0.24445428
2017-01-24,-0.2399093
2017-01-25,-0.23964064
2017-01-26,-0.24209811
2017-01-27,-0.23937233
2017-01-30,-0.24244276
2017-01-31,-0.24898769
2017-02-01,-0.24158992
2017-02-02,-0.2444262
2017-02-03,-0.24838543
2017-02-06,-0.2501886
2017-02-07,-0.24652137
2017-02-08,-0.24457152
2017-02-09,-0.24915917
2017-02-10,-0.23481174
2017-02-13,-0.23263033
2017-02-14,-0.2397475
2017-02-15,-0.2349091
2017-02-16,-0.22884656
2017-02-17,-0.226193
2017-02-21,-0.21601453
2017-02-22,-0.22473608
2017-03-29,-0.053439695
2017-03-30,-0.050272558
2017-03-31,-0.03266937
2017-04-03,-0.03681073
2017-04-04,-0.02756554
2017-04-05,-0.0151830185
2017-04-06,-0.014928879
2017-04-07,-0.010085376
2017-04-10,-0.001227366
2017-04-11,0.00073899125
2017-04-12,0.0069093388
2017-04-13,-0.0048930664
2017-04-17,-0.011246251
2017-04-18,-0.020025643
2017-04-19,-0.054381672
2017-04-20,-0.05048584
2017-04-21,-0.03578982
2017-04-24,-0.036959637
2017-04-25,-0.02284071
2017-04-26,-0.020498889
2017-04-27,-0.021772223
2017-04-28,-0.011132332
2017-05-01,-0.0051843543
2017-05-02,0.011038719
2017-05-03,0.020106671
2017-05-04,0.008659763
2017-05-05,0.008889316
2017-05-08,0.011310397
2017-05-09,0.008100657
2017-05-10,0.014980985
2017-05-11,0.023012934
2017-05-12,0.0042667817
2017-05-15,0.0079136025
2017-05-16,-0.00375657
2017-05-17,0.013021363
2017-05-18,-0.026958989
2017-05-19,-0.04643901
2017-05-22,-0.01146129
2017-05-23,0.01243013
2017-05-24,-0.053044382
2017-05-25,-0.042056594
2017-05-26,-0.03966521
2017-05-30,-0.02011286
2017-05-31,-0.031229334
2017-06-01,-0.0075146426
2017-06-02,-0.030091928
2017-06-05,-0.03591885
2017-06-06,-0.019340368
2017-06-07,-0.00019224192
2017-06-08,-0.013199436
2017-06-09,-0.0062796194
2017-06-12,-0.052738
2017-06-13,-0.043550346
2017-06-14,-0.027107166
2017-06-15,-0.04394548
2017-06-16,-0.04093728
2017-06-19,-0.03758477
2017-06-20,-0.0140547175
2017-06-21,-0.015202301
2017-06-22,-0.024086358
2017-06-23,-0.008110883
2017-06-26,0.0061935317
2017-06-27,-0.012991162
2017-06-28,-0.023429023
2017-06-29,-0.025637018
2017-06-30,-0.029087888
2017-07-03,-0.010311665
2017-07-05,-0.018980192
2017-07-06,-0.01078956
2017-07-07,-0.038277242
2017-07-10,-0.039942447
2017-07-11,-0.02465147
2017-07-12,0.003713874
2017-07-13,-0.0226108
2017-07-14,-0.0070718396
2017-07-17,-0.005603077
2017-07-18,0.011158003
2017-07-19,0.014303787
2017-07-20,0.024622677
2017-07-21,0.007516904
2017-07-24,-0.009503784
2017-07-25,-0.022535892
2017-07-26,-0.02453843
2017-07-27,0.021859003
2017-07-28,0.004275171
2017-07-31,-0.038195718
2017-08-01,-0.020536976
2017-08-02,0.0019180158
2017-08-03,-0.011339219
2017-08-04,-0.03230368
2017-08-07,-0.0028731844
2017-08-08,0.007372154
2017-08-09,-0.0039510448
2017-08-10,-0.024751233
2017-08-11,-0.0358184
2017-08-14,-0.039689507
2017-08-15,-0.035644505
2017-08-16,-0.039587367
2017-08-17,-0.08092792
2017-08-18,-0.06773644
2017-08-21,-0.059833016
2017-08-22,-0.039511014
2017-08-23,-0.02256197
2017-08-24,-0.05388164
2017-08-25,-0.06447844
2017-08-28,-0.06031892
2017-08-29,-0.011877703
2017-08-30,-0.031492073
2017-08-31,-0.0054858346
2017-09-01,0.007860301
2017-09-05,-0.05236012
2017-09-06,-0.06796019
2017-09-07,-0.016191991
2017-09-08,-0.013356613
2017-09-11,-0.011029201
2017-09-12,-0.060623143
2017-09-13,-0.019206988
2017-09-14,0.033154454
2017-09-15,0.020725293
2017-09-18,0.018330647
2017-09-19,0.028747348
2017-09-20,0.042126726
2017-09-21,0.01868887
2017-09-22,0.021584166
2017-09-25,0.021153195
2017-09-26,0.039438706
2017-09-27,0.03281192
2017-09-28,0.0042382013
2017-09-29,0.015692635
2017-10-02,3.0527008e-06
2017-10-03,-0.01713379
2017-10-04,0.024265213
2017-10-05,0.033222508
2017-10-06,0.025240881
2017-10-09,0.021393282
2017-10-10,0.01766382
2017-10-11,0.020258112
2017-10-12,0.04536934
2017-10-13,0.032391023
2017-10-16,0.014904423
2017-10-17,0.024786277
2017-10-18,0.022002382
2017-10-19,0.013722254
2017-10-20,-0.0013055971
2017-10-23,0.0055535864
2017-10-24,-0.024617003
2017-10-25,-0.021552252
2017-10-26,-0.051516537
2017-10-27,-0.035731915
2017-10-30,-0.022896485
2017-10-31,-0.010397123
2017-11-01,-0.050209794
2017-11-02,-0.034168664
2017-11-03,-0.009224789
2017-11-06,-0.011192696
2017-11-07,-0.008481311
2017-11-08,-0.0171773
2017-11-09,0.012125684
2017-11-10,-0.0031432381
2017-11-13,-0.015783118
2017-11-14,-0.02438985
2017-11-15,-0.029834168
2017-11-16,-0.0576568
2017-11-17,-0.0668105
2017-11-20,-0.07236229
2017-11-21,-0.057675753
2017-11-22,-0.06483814
2017-11-24,-0.037196565
2017-11-27,-0.03307015
2017-11-28,-0.036057908
2017-11-29,-0.0018870404
2017-11-30,-0.0122169275
2017-12-01,-0.02134383
2017-12-04,-0.021974491
2017-12-05,-0.010830449
2017-12-06,-0.031608243
2017-12-07,-0.034304578
2017-12-08,-0.062770754
2017-12-11,-0.038573
2017-12-12,-0.030816482
2017-12-13,-0.030996965
2017-12-14,-0.010923075
2017-12-15,-0.01748799
2017-12-18,-0.010598766
2017-12-19,-0.0021331182
2017-12-20,0.0057512056
2017-12-21,-0.016884403
2017-12-22,-0.0022556654
2017-12-26,-0.0018551222
2017-12-27,-0.00827946
2017-12-28,-0.03103541
2017-12-29,-0.0018305054
2018-01-02,-0.011339204
2018-01-03,-0.02473505
2018-01-04,-0.012833254
2018-01-05,0.010657085
2018-01-08,0.0015231201
2018-01-09,0.010802073
2018-01-10,0.020755066
2018-01-11,0.018569453
2018-01-12,0.015546633
2018-01-16,0.014777405
2018-01-17,0.014020605
2018-01-18,0.00032563304
2018-01-19,0.0025444755
2018-01-22,0.005625112
2018-01-23,-0.0046215523
2018-01-24,0.012242569
2018-01-25,0.0044501554
2018-01-26,0.010089738
2018-01-29,0.0071849357
2018-01-30,0.016907198
2018-01-31,-0.034244243
2018-02-01,-0.03698099
2018-02-02,-0.07616608
2018-02-05,-0.0855123
2018-02-06,-0.08040236
2018-02-07,-0.04171441
2018-02-08,-0.07617247
2018-02-09,-0.07051577
2018-02-12,-0.13347517
2018-02-13,-0.11208449
2018-02-14,-0.08011738
2018-02-15,-0.090365365
2018-02-16,-0.13590024
2018-02-20,-0.13791035
2018-02-21,-0.1543098
2018-02-22,-0.18713889
2018-03-29,0.16182928
2018-04-02,0.18417226
2018-04-03,0.09577347
2018-04-04,0.12910077
2018-04-05,0.06989674
2018-04-06,0.13344182
2018-04-09,0.18271035
2018-04-10,0.25343457
2018-04-11,0.39277908
2018-04-12,0.30588487
2018-04-13,0.30689958
2018-04-16,0.29408297
2018-04-17,0.33559117
2018-04-18,0.32068685
2018-04-19,0.32527122
2018-04-20,0.3139801
2018-04-23,0.3428007
2018-04-24,0.43475255
2018-04-25,0.58661413
2018-04-26,0.501715
2018-04-27,0.4292684
2018-04-30,0.37442207
2018-05-01,0.43044305
2018-05-02,0.4526976
2018-05-03,0.5134039
2018-05-04,0.4696858
2018-05-07,0.43981066
2018-05-08,0.38929266
2018-05-09,0.39539355
2018-05-10,0.3103587
2018-05-11,0.20242923
2018-05-14,0.20842321
2018-05-15,0.24397576
2018-05-16,0.45480594
2018-05-17,0.37152192
2018-05-18,0.3044841
2018-05-21,0.16831557
2018-05-22,0.14635894
2018-05-23,0.22252856
2018-05-24,0.2937397
2018-05-25,0.33640826
2018-05-29,0.46013868
2018-05-30,0.5252192
2018-05-31,0.33818054
2018-06-01,0.32819077
2018-06-04,0.20388052
2018-06-05,0.21205041
2018-06-06,0.24522467
2018-06-07,0.22641172
2018-06-08,0.18853962
2018-06-11,0.16184358
2018-06-12,0.124415115
2018-06-13,-0.006448645
2018-06-14,0.06253688
2018-06-15,0.09998734
2018-06-18,0.14745848
2018-06-19,0.2336743
2018-06-20,0.28031045
2018-06-21,0.20579979
2018-06-22,0.30426285
2018-06-25,0.19380468
2018-06-26,0.32641643
2018-06-27,0.23875423
2018-06-28,0.20573553
2018-06-29,0.12328805
2018-07-02,0.046545196
2018-07-03,0.11535561
2018-07-05,0.10216044
2018-07-06,0.114616916
2018-07-09,-0.0033949446
2018-07-10,-0.053273037
2018-07-11,-0.060795154
2018-07-12,0.078711346
2018-07-13,-0.0031325724
2018-07-16,-0.07715504
2018-07-17,-0.0062332638
2018-07-18,0.07416527
2018-07-19,0.14168628
2018-07-20,0.21108435
2018-07-23,0.22591482
2018-07-24,0.24700658
2018-07-25,0.21775134
2018-07-26,0.16393287
2018-07-27,0.22053392
2018-07-30,0.26853716
2018-07-31,0.33322814
2018-08-01,0.2734492
2018-08-02,0.27411792
2018-08-03,0.25390834
2018-08-06,0.20875487
2018-08-07,0.15676253
2018-08-08,0.07622118
2018-08-09,0.06769733
2018-08-10,0.077369824
2018-08-13,0.155834
2018-08-14,0.25291717
2018-08-15,0.2284339
2018-08-16,0.20354013
2018-08-17,0.01126508
2018-08-20,0.016438466
2018-08-21,0.010309797
2018-08-22,0.058826905
2018-08-23,0.07683663
2018-08-24,0.0991122
2018-08-27,0.048151325
2018-08-28,-0.020335544
2018-08-29,0.04609404
2018-08-30,0.00697295
2018-08-31,0.06330632
2018-09-04,0.11889462
2018-09-05,0.14928891
2018-09-06,0.26225862
2018-09-07,0.3041289
2018-09-10,0.29438636
2018-09-11,0.23810153
2018-09-12,0.16899352
2018-09-13,0.051281225
2018-09-14,0.010851514
2018-09-17,0.07882662
2018-09-18,0.1984377
2018-09-19,0.09993847
2018-09-20,0.03234462
2018-09-21,-0.051935066
2018-09-24,-0.02774607
2018-09-25,0.07449438
2018-09-26,0.09105395
2018-09-27,0.093440995
2018-09-28,0.10389952
2018-10-01,0.15305786
2018-10-02,0.16709147
2018-10-03,0.2067206
2018-10-04,0.18926199
2018-10-05,0.31541002
2018-10-08,0.36532637
2018-10-09,0.36833414
2018-10-10,0.3071188
2018-10-11,0.39912224
2018-10-12,0.25762203
2018-10-15,0.20712517
2018-10-16,0.014338113
2018-10-17,-0.009164436
2018-10-18,0.06736261
2018-10-19,0.11779204
2018-10-22,0.083420366
2018-10-23,0.03309759
2018-10-24,0.042133342
2018-10-25,0.027613085
2018-10-26,0.051016938
2018-10-29,0.12866135
2018-10-30,0.03269162
2018-10-31,0.05083294
2018-11-01,-0.06992316
2018-11-02,-0.1903457
2018-11-05,-0.00020498037
2018-11-06,0.031061582
2018-11-07,0.06350693
2018-11-08,-0.17479157
2018-11-09,-0.304989
2018-11-12,-0.068075255
2018-11-13,0.19227992
2018-11-14,0.104428336
2018-11-15,0.11576919
2018-11-16,0.20208897
2018-11-19,0.19846167
2018-11-20,0.33725682
2018-11-21,0.4718696
2018-11-23,0.52351904
2018-11-26,0.6400504
2018-11-27,0.49741358
2018-11-28,0.19147433
2018-11-29,0.14757974
2018-11-30,0.281028
2018-12-03,0.19092284
2018-12-04,0.18980241
2018-12-06,0.45650893
2018-12-07,0.3437983
2018-12-10,0.43556246
2018-12-11,0.39827
2018-12-12,0.29235685
2018-12-13,0.19403647
2018-12-14,0.18017253
2018-12-17,0.37101102
2018-12-18,0.32909313
2018-12-19,0.2618391
2018-12-20,0.06590016
2018-12-21,-0.17156273
2018-12-24,-0.27422586
2018-12-26,-0.42687505
2018-12-27,-0.37482148
2018-12-28,-0.39934412
2018-12-31,-0.2580812
2019-01-02,-0.2894029
2019-01-03,-0.22572193
2019-01-04,-0.31251487
2019-01-07,-0.33508268
2019-01-08,-0.27333218
2019-01-09,-0.2844718
2019-01-10,-0.30844623
2019-01-11,-0.14333361
2019-01-14,-0.11723642
2019-01-15,-0.20237264
2019-01-16,0.075221986
2019-01-17,0.18810655
2019-01-18,0.18349247
2019-01-22,0.2409449
2019-01-23,0.20577519
2019-01-24,0.2304121
2019-01-25,0.33193296
2019-01-28,0.24286865
2019-01-29,0.20279567
2019-01-30,0.31841663
2019-01-31,0.38484696
2019-02-01,0.4599116
2019-02-04,0.47461447
2019-02-05,0.49742767
2019-02-06,0.5383321
2019-02-07,0.49748313
2019-02-08,0.58601624
2019-02-11,0.5798055
2019-02-12,0.42606643
2019-02-13,0.321397
2019-02-14,0.23650052
2019-02-15,0.34363815
2019-02-19,0.268899
2019-02-20,0.17244188
2019-02-21,0.19989045
2019-02-22,0.30067587
2019-03-29,0.04163577
2019-04-01,0.028285762
2019-04-02,0.0069679823
2019-04-03,-0.020598182
2019-04-04,0.020151278
2019-04-05,-0.0091138575
2019-04-08,-0.040315103
2019-04-09,-0.072014876
2019-04-10,-0.04299165
2019-04-11,-0.040242594
2019-04-12,-0.082628645
2019-04-15,-0.07193894
2019-04-16,-0.08537299
2019-04-17,-0.026732484
2019-04-18,0.047928084
2019-04-22,0.04806589
2019-04-23,0.038363446
2019-04-24,0.046301115
2019-04-25,0.03638952
2019-04-26,0.026677063
2019-04-29,-0.015484164
2019-04-30,-0.005919406
2019-05-01,0.006795099
2019-05-02,-0.008008966
2019-05-03,0.0017595494
2019-05-06,0.06807434
2019-05-07,0.07136556
2019-05-08,0.028624257
2019-05-09,0.032641787
2019-05-10,0.012348911
2019-05-13,0.12892808
2019-05-14,0.10899114
2019-05-15,0.004447868
2019-05-16,-0.033221673
2019-05-17,0.05100726
2019-05-20,0.12861912
2019-05-21,0.14020665
2019-05-22,0.15088977
2019-05-23,0.16744624
2019-05-24,0.12890069
2019-05-28,0.04719122
2019-05-29,-0.048133653
2019-05-30,-0.040604305
2019-05-31,0.036911476
2019-06-03,0.012945091
2019-06-04,-0.11378641
2019-06-05,-0.15224023
2019-06-06,-0.13938832
2019-06-07,-0.1163808
2019-06-10,0.015430307
2019-06-11,0.06283062
2019-06-12,0.22670901
2019-06-13,0.25218886
2019-06-14,0.2865252
2019-06-17,0.2396074
2019-06-18,0.15911017
2019-06-19,0.13345455
2019-06-20,0.06528267
2019-06-21,-0.11934537
2019-06-24,-0.23685786
2019-06-25,-0.24082474
2019-06-26,-0.16112474
2019-06-27,-0.26151633
2019-06-28,-0.069236554
2019-07-01,-0.052397322
2019-07-02,-0.04529537
2019-07-03,-0.08532
2019-07-05,-0.16159378
2019-07-08,-0.19645758
2019-07-09,-0.16599867
2019-07-10,-0.15191227
2019-07-11,-0.1665974
2019-07-12,-0.11464276
2019-07-15,-0.21872033
2019-07-16,-0.22590984
2019-07-17,-0.36422506
2019-07-18,-0.3684582
2019-07-19,-0.26586658
2019-07-22,-0.28767958
2019-07-23,-0.1620953
2019-07-24,-0.05882142
2019-07-25,-0.18749441
2019-07-26,-0.22276576
2019-07-29,-0.19705577
2019-07-30,-0.1916091
2019-07-31,-0.113227196
2019-08-01,-0.09560645
2019-08-02,-0.019052753
2019-08-05,-0.12102469
2019-08-06,-0.1295017
2019-08-07,-0.20738353
2019-08-08,-0.4005958
2019-08-09,-0.37211734
2019-08-12,-0.27156445
2019-08-13,-0.19953488
2019-08-14,0.03956111
2019-08-15,0.1953122
2019-08-16,0.19020659
2019-08-19,0.027092056
2019-08-20,-0.27674723
2019-08-21,-0.30455512
2019-08-22,-0.18617488
2019-08-23,-0.02819403
2019-08-26,0.17737888
2019-08-27,0.3746585
2019-08-28,0.4654037
2019-08-29,0.3382745
2019-08-30,0.32315838
2019-09-03,0.28779098
2019-09-04,0.058297385
2019-09-05,0.016797205
2019-09-06,-0.091297925
2019-09-09,-0.20707591
2019-09-10,-0.20431514
2019-09-11,-0.18599498
2019-09-12,-0.14219336
2019-09-13,-0.15980938
2019-09-16,-0.12360979
2019-09-17,-0.19289535
2019-09-18,-0.23432207
2019-09-19,-0.05634814
2019-09-20,-0.177766
2019-09-23,-0.16251284
2019-09-24,-0.13849112
2019-09-25,-0.31187326
2019-09-26,-0.24723247
2019-09-27,-0.46735656
2019-09-30,-0.37601268
2019-10-01,-0.23703748
2019-10-02,-0.44404787
2019-10-03,-0.36599314
2019-10-04,-0.35781857
2019-10-07,-0.3812227
2019-10-08,-0.12763464
2019-10-09,-0.03855314
2019-10-10,-0.1512537
2019-10-11,-0.15451477
2019-10-14,-0.19639012
2019-10-15,-0.28190097
2019-10-16,-0.36698085
2019-10-17,-0.34231356
2019-10-18,-0.4355386
2019-10-21,-0.2733577
2019-10-22,-0.17273463
2019-10-23,-0.17023216
2019-10-24,-0.09028062
2019-10-25,-0.041003827
2019-10-28,-0.20152533
2019-10-29,-0.24544512
2019-10-30,-0.25849682
2019-10-31,-0.23795673
2019-11-01,-0.18229406
2019-11-04,-0.17272626
2019-11-05,-0.30173448
2019-11-06,-0.27512157
2019-11-07,-0.2936257
2019-11-08,-0.16451831
2019-11-11,-0.14642169
2019-11-12,-0.22853582
2019-11-13,-0.24718986
2019-11-14,-0.22505291
2019-11-15,-0.26552945
2019-11-18,-0.3847388
2019-11-19,-0.33341756
2019-11-20,-0.45604938
2019-11-21,-0.36524704
2019-11-22,-0.38294104
2019-11-25,-0.35499746
2019-11-26,-0.15827443
2019-11-27,-0.10849733
2019-11-29,-0.18340619
2019-12-02,-0.26776505
2019-12-03,-0.27988568
2019-12-04,-0.2660696
2019-12-05,-0.16977166
2019-12-06,-0.23393978
2019-12-09,-0.17759028
2019-12-10,-0.14174163
2019-12-11,-0.1264926
2019-12-12,-0.12612672
2019-12-13,-0.09467853
2019-12-16,-0.1141854
2019-12-17,-0.14140086
2019-12-18,-0.21049504
2019-12-19,-0.2288024
2019-12-20,-0.12299175
2019-12-23,-0.12042577
2019-12-24,-0.22144999
2019-12-26,-0.21445517
2019-12-27,-0.20006561
2019-12-30,-0.22147264
2019-12-31,-0.28381705
2020-01-02,-0.24887703
2020-01-03,-0.102234684
2020-01-06,-0.004923435
2020-01-07,0.11442966
2020-01-08,0.13661505
2020-01-09,0.1176584
2020-01-10,0.15400398
2020-01-13,0.048185278
2020-01-14,0.11890905
2020-01-15,0.09230102
2020-01-16,-0.015780473
2020-01-17,-0.030178094
2020-01-21,-0.14558506
2020-01-22,-0.116202466
2020-01-23,-0.07207112
2020-01-24,-0.1420946
2020-01-27,-0.10304364
2020-01-28,-0.0067096744
2020-01-29,-0.059513886
2020-01-30,-0.13707575
2020-01-31,-0.14631628
2020-02-03,-0.015846828
2020-02-04,0.14087299
2020-02-05,0.11533352
2020-02-06,0.15931623
2020-02-07,0.1134277
2020-02-10,0.038795788
2020-02-11,-0.017136524
2020-02-12,-0.11145379
2020-02-13,-0.10905166
2020-02-14,-0.07676684
2020-02-18,0.025403788
2020-02-19,0.10512379
2020-02-20,0.114349805
2020-02-21,0.051611084
2020-03-27,0.43441173
2020-03-30,0.48090622
2020-03-31,0.6873947
2020-04-01,0.76601774
2020-04-02,0.40729228
2020-04-03,0.2618964
2020-04-06,-0.6187872
2020-04-07,-0.5945752
2020-04-08,-1.0819618
2020-04-09,-1.6055009
2020-04-13,-1.2316962
2020-04-14,-1.071922
2020-04-15,-0.9660045
2020-04-16,-0.9600747
2020-04-17,-1.0949322
2020-04-20,-1.4685348
2020-04-21,-1.6765581
2020-04-22,-1.1620364
2020-04-23,-1.3646355
2020-04-24,-1.3900672
2020-04-27,-1.7919666
2020-04-28,-1.5677283
2020-04-29,-1.354165
2020-04-30,-1.6364304
2020-05-01,-1.3183073
2020-05-04,-1.0990123
2020-05-05,-0.85203093
2020-05-06,-0.68496996
2020-05-07,-0.6192122
2020-05-08,-0.49018666
2020-05-11,-0.74057955
2020-05-12,-0.95997584
2020-05-13,-0.86270255
2020-05-14,-0.7455933
2020-05-15,-0.60802627
2020-05-18,-0.609775
2020-05-19,-0.8607889
2020-05-20,-0.823687
2020-05-21,-0.8819851
2020-05-22,-0.93448395
2020-05-26,-0.82562274
2020-05-27,-0.75829
2020-05-28,-0.7601419
2020-05-29,-0.7905967
2020-06-01,-0.74260575
2020-06-02,-0.15556177
2020-06-03,-0.07271686
2020-06-04,0.031537324
2020-06-05,0.0062875454
2020-06-08,0.043212224
2020-06-09,0.14770728
2020-06-10,-0.2701338
2020-06-11,-0.33124954
2020-06-12,-0.29615477
2020-06-15,-0.25123593
2020-06-16,-0.35756573
2020-06-17,-0.4290487
2020-06-18,-0.43343002
2020-06-19,-0.39088455
2020-06-22,-0.29086864
2020-06-23,-0.2275452
2020-06-24,-0.10723375
2020-06-25,-0.15745124
2020-06-26,-0.15367995
2020-06-29,-0.11958791
2020-06-30,-0.056662887
2020-07-01,-0.16951767
2020-07-02,-0.12820663
2020-07-06,-0.10815759
2020-07-07,0.012470652
2020-07-08,-0.003145832
2020-07-09,0.004668907
2020-07-10,0.006552771
2020-07-13,-0.077023566
2020-07-14,-0.104010664
2020-07-15,-0.110245615
2020-07-16,-0.1714475
2020-07-17,-0.13208783
2020-07-20,-0.15969287
2020-07-21,-0.13674825
2020-07-22,-0.15549308
2020-07-23,-0.1779451
2020-07-24,-0.15603296
2020-07-27,-0.07739022
2020-07-28,-0.058446445
2020-07-29,-0.010644107
2020-07-30,-0.09468134
2020-07-31,-0.0068398225
2020-08-03,0.031654518
2020-08-04,0.017685108
2020-08-05,-0.08340105
2020-08-06,0.0064023067
2020-08-07,-0.001605756
2020-08-10,-0.24141788
2020-08-11,-0.1334595
2020-08-12,-0.09643155
2020-08-13,-0.22050658
2020-08-14,-0.35718244
2020-08-17,-0.3153932
2020-08-18,-0.28343785
2020-08-19,-0.23998985
2020-08-20,-0.24336614
2020-08-21,-0.11534696
2020-08-24,-0.14395288
2020-08-25,-0.19903848
2020-08-26,-0.124796204
2020-08-27,-0.20577827
2020-08-28,-0.23832318
2020-08-31,-0.30839303
2020-09-01,-0.32209685
2020-09-02,-0.28899744
2020-09-03,-0.26584867
2020-09-04,-0.020645991
2020-09-08,0.058084846
2020-09-09,0.13948235
2020-09-10,0.087073214
2020-09-11,0.017781451
2020-09-14,0.023391098
2020-09-15,0.020433955
2020-09-16,0.074445054
2020-09-17,0.07065899
2020-09-18,0.0801516
2020-09-21,0.11771273
2020-09-22,0.14201431
2020-09-23,0.060166545
2020-09-24,0.0772367
2020-09-25,0.10522743
2020-09-28,0.093893684
2020-09-29,0.05867222
2020-09-30,0.009398059
2020-10-01,0.052286804
2020-10-02,0.13918506
2020-10-05,0.12982288
2020-10-06,-0.03115423
2020-10-07,-0.07123828
2020-10-08,-0.12556942
2020-10-09,-0.079674274
2020-10-12,-0.023251876
2020-10-13,0.0038750474
2020-10-14,0.0056561534
2020-10-15,0.023933917
2020-10-16,0.04350254
2020-10-19,-0.0034624035
2020-10-20,-0.0037217583
2020-10-21,-0.003337055
2020-10-22,-0.044712506
2020-10-23,-0.022192523
2020-10-26,-0.01826717
2020-10-27,0.010602043
2020-10-28,0.06294973
2020-10-29,0.3511494
2020-10-30,0.37839422
2020-11-02,0.49651757
2020-11-03,0.5231336
2020-11-04,0.35710457
2020-11-05,0.30428073
2020-11-06,0.3893825
2020-11-09,0.28033283
2020-11-10,0.35680938
2020-11-11,0.21233578
2020-11-12,0.24818875
2020-11-13,0.44846416
2020-11-16,0.5136897
2020-11-17,0.51230896
2020-11-18,0.2944735
2020-11-19,0.23763594
2020-11-20,0.17658645
2020-11-23,0.05032395
2020-11-24,0.030339867
2020-11-25,0.05308722
2020-11-27,-0.024756879
2020-11-30,0.012921647
2020-12-01,0.002062038
2020-12-02,-0.11493367
2020-12-03,-0.057004683
2020-12-04,-0.089191094
2020-12-07,-0.025854304
2020-12-08,-0.04057069
2020-12-09,0.021907404
2020-12-10,0.0999808
2020-12-11,0.17706212
2020-12-14,0.19789867
2020-12-15,0.27132362
2020-12-16,0.25586942
2020-12-17,0.2607033
2020-12-18,0.19535983
2020-12-21,0.15649004
2020-12-22,0.25316247
2020-12-23,0.29993686
2020-12-24,0.23921394
2020-12-28,0.22360317
2020-12-29,0.1789728
2020-12-30,0.24870795
2020-12-31,0.21396434
2021-01-04,0.17134227
2021-01-05,0.45441946
2021-01-06,0.44047216
2021-01-07,0.4975807
2021-01-08,0.49283212
2021-01-11,0.43393713
2021-01-12,0.45439193
2021-01-13,0.59579426
2021-01-14,0.55938214
2021-01-15,0.56639946
2021-01-19,0.54892904
2021-01-20,0.49833253
2021-01-21,0.52954906
2021-01-22,0.5179458
2021-01-25,0.5401744
2021-01-26,0.38416964
2021-01-27,0.41461584
2021-01-28,0.5560143
2021-01-29,0.43561688
2021-02-01,0.35602644
2021-02-02,0.36301348
2021-02-03,0.34486577
2021-02-04,0.43456545
2021-02-05,0.5061232
2021-02-08,0.46918923
2021-02-09,0.49443102
2021-02-10,0.48098058
2021-02-11,0.49037686
2021-02-12,0.5100958
2021-02-16,0.5010548
2021-02-17,0.57591724
2021-02-18,0.4286532
2021-02-19,0.41874215
2021-02-22,0.46368685
2021-03-29,-0.2465848
2021-03-30,-0.22584327
2021-03-31,-0.16551149
2021-04-01,-0.15114622
2021-04-05,-0.22798915
2021-04-06,-0.22480266
2021-04-07,-0.17074409
2021-04-08,-0.08453431
2021-04-09,-0.040292364
2021-04-12,-0.08472245
2021-04-13,-0.15552898
2021-04-14,-0.10972295
2021-04-15,-0.103814945
2021-04-16,-0.10857796
2021-04-19,-0.055423412
2021-04-20,-0.054291096
2021-04-21,-0.10600775
2021-04-22,-0.115241654
2021-04-23,-0.09450846
2021-04-26,-0.092056915
2021-04-27,-0.07106533
2021-04-28,-0.0816379
2021-04-29,-0.06334276
2021-04-30,-0.014368337
2021-05-03,-0.06623527
2021-05-04,-0.07456608
2021-05-05,-0.074629925
2021-05-06,-0.14454003
2021-05-07,-0.1431817
2021-05-10,-0.03709512
2021-05-11,0.039508928
2021-05-12,-0.005959701
2021-05-13,-0.006065499
2021-05-14,-0.10584613
2021-05-17,-0.12659465
2021-05-18,-0.06162061
2021-05-19,-0.00126807
2021-05-20,0.03226645
2021-05-21,0.021367978
2021-05-24,-0.036978822
2021-05-25,-0.05547386
2021-05-26,-0.028511714
2021-05-27,-0.0005714407
2021-05-28,0.021272894
2021-06-01,0.008693051
2021-06-02,0.04796743
2021-06-03,0.09833595
2021-06-04,0.05302461
2021-06-07,0.0060959645
2021-06-08,0.043123897
2021-06-09,0.061245386
2021-06-10,0.00704493
2021-06-11,-0.010430228
2021-06-14,0.026540097
2021-06-15,0.03883602
2021-06-16,0.0015114585
2021-06-17,-0.03920224
2021-06-18,-0.212983
2021-06-21,-0.30340663
2021-06-22,-0.28999028
2021-06-23,-0.2816676
2021-06-24,-0.20346923
2021-06-25,-0.1483828
2021-06-28,-0.10718517
2021-06-29,-0.07552467
2021-06-30,-0.15718742
2021-07-01,-0.19564925
2021-07-02,-0.19107799
2021-07-06,-0.1868203
2021-07-07,-0.21245901
2021-07-08,-0.24185139
2021-07-09,-0.28657824
2021-07-12,-0.21905671
2021-07-13,-0.1420902
2021-07-14,-0.08309169
2021-07-15,-0.12649009
2021-07-16,-0.24315538
2021-07-19,-0.35895053
2021-07-20,-0.36239058
2021-07-21,-0.30519676
2021-07-22,-0.30684832
2021-07-23,-0.2709816
2021-07-26,-0.1893952
2021-07-27,-0.2272473
2021-07-28,-0.30830744
2021-07-29,-0.3075892
2021-07-30,-0.25423256
2021-08-02,-0.2053651
2021-08-03,-0.18399276
2021-08-04,-0.22376403
2021-08-05,-0.23874393
2021-08-06,-0.22546174
2021-08-09,-0.13831295
2021-08-10,-0.21319555
2021-08-11,-0.1765395
2021-08-12,-0.24064927
2021-08-13,-0.33569258
2021-08-16,-0.32841823
2021-08-17,-0.27070364
2021-08-18,-0.31649423
2021-08-19,-0.24711254
2021-08-20,-0.2714875
2021-08-23,-0.35200366
2021-08-24,-0.31872067
2021-08-25,-0.22204398
2021-08-26,-0.20304178
2021-08-27,-0.19102235
2021-08-30,-0.19558463
2021-08-31,-0.24730863
2021-09-01,-0.18862523
2021-09-02,-0.10234271
2021-09-03,-0.14572108
2021-09-07,-0.070423536
2021-09-08,-0.03709873
2021-09-09,-0.070259236
2021-09-10,-0.071467884
2021-09-13,-0.020501252
2021-09-14,-0.038402777
2021-09-15,-0.0670853
2021-09-16,-0.05699147
2021-09-17,-0.1189192
2021-09-20,-0.19663498
2021-09-21,-0.20971815
2021-09-22,-0.23625867
2021-09-23,-0.261127
2021-09-24,-0.17570995
2021-09-27,-0.10425217
2021-09-28,0.038269717
2021-09-29,0.0028563181
2021-09-30,-0.13943076
2021-10-01,-0.14365585
2021-10-04,-0.14257239
2021-10-05,-0.09129576
2021-10-06,0.07043224
2021-10-07,0.011248816
2021-10-08,-0.030624237
2021-10-11,-0.062122714
2021-10-12,-0.07035715
2021-10-13,-0.008352514
2021-10-14,-0.025205623
2021-10-15,-0.048619147
2021-10-18,-0.087944485
2021-10-19,-0.156606
2021-10-20,-0.058329012
2021-10-21,0.016668212
2021-10-22,0.05716036
2021-10-25,0.1284482
2021-10-26,0.22609732
2021-10-27,0.14714627
2021-10-28,0.051269744
2021-10-29,0.12875432
2021-11-01,0.06767612
2021-11-02,-0.014978204
2021-11-03,0.055412326
2021-11-04,0.09125165
2021-11-05,0.14128877
2021-11-08,-0.006107729
2021-11-09,-0.011272978
2021-11-10,-0.07776756
2021-11-11,-0.114383556
2021-11-12,-0.17955683
2021-11-15,-0.16322711
2021-11-16,-0.09985124
2021-11-17,-0.14428368
2021-11-18,-0.25140178
2021-11-19,-0.18432467
2021-11-22,-0.24458681
2021-11-23,-0.3444483
2021-11-24,-0.28763685
2021-11-26,-0.35538924
2021-11-29,-0.43285266
2021-11-30,-0.3612958
2021-12-01,-0.43138427
2021-12-02,-0.4753588
2021-12-03,-0.51941985
2021-12-06,-0.59854186
2021-12-07,-0.6442541
2021-12-08,-0.6211671
2021-12-09,-0.53779453
2021-12-10,-0.5731063
2021-12-13,-0.49887
2021-12-14,-0.606903
2021-12-15,-0.73304003
2021-12-16,-0.70818996
2021-12-17,-0.6589041
2021-12-20,-0.7365913
2021-12-21,-0.65992045
2021-12-22,-0.60687506
2021-12-23,-0.65174913
2021-12-27,-0.6001211
2021-12-28,-0.59541553
2021-12-29,-0.6032128
2021-12-30,-0.57054913
2021-12-31,-0.59523857
2022-01-03,-0.6430571
2022-01-04,-0.566128
2022-01-05,-0.52915114
2022-01-06,-0.44533452
2022-01-07,-0.4322947
2022-01-10,-0.49751467
2022-01-11,-0.56194353
2022-01-12,-0.50052124
2022-01-13,-0.3159953
2022-01-14,-0.39739543
2022-01-18,-0.48759115
2022-01-19,-0.53658557
2022-01-20,-0.68822306
2022-01-21,-0.67909235
2022-01-24,-0.5853488
2022-01-25,-0.49461514
2022-01-26,-0.4956291
2022-01-27,-0.5918285
2022-01-28,-0.5590302
2022-01-31,-0.7450339
2022-02-01,-0.6985058
2022-02-02,-0.6867576
2022-02-03,-0.6295614
2022-02-04,-0.43752885
2022-02-07,-0.60542077
2022-02-08,-0.6091393
2022-02-09,-0.6361361
2022-02-10,-0.6677669
2022-02-11,-0.6160961
2022-02-14,-0.60232085
2022-02-15,-0.6297618
2022-02-16,-0.5698748
2022-02-17,-0.4692903
2022-02-18,-0.5621402
2022-02-22,-0.65078574
2022-03-29,-0.0049295607
2022-03-30,0.0031352895
2022-03-31,0.009003505
2022-04-01,0.028234515
2022-04-04,0.014603863
2022-04-05,0.023872813
2022-04-06,0.01941905
2022-04-07,0.02592069
2022-04-08,-0.012655202
2022-04-11,-0.038493633
2022-04-12,-0.0016102042
2022-04-13,-0.0019236837
2022-04-14,-0.040424354
2022-04-18,-0.040206205
2022-04-19,-0.055157058
2022-04-20,-0.0068993974
2022-04-21,-0.026076462
2022-04-22,0.014714928
2022-04-25,0.032523263
2022-04-26,0.05078023
2022-04-27,0.07018048
2022-04-28,0.06803195
2022-04-29,0.07317371
2022-05-02,0.07820664
2022-05-03,0.059600487
2022-05-04,0.04181881
2022-05-05,0.027632838
2022-05-06,0.0048870593
2022-05-09,-0.0019150829
2022-05-10,0.025790393
2022-05-11,0.03610768
2022-05-12,0.04996421
2022-05-13,0.06282005
2022-05-16,0.07427403
2022-05-17,0.07684064
2022-05-18,0.058908805
2022-05-19,0.04703546
2022-05-20,0.026079314
2022-05-23,-0.008997975
2022-05-24,-0.017495535
2022-05-25,-0.012084997
2022-05-26,-0.009572577
2022-05-27,-0.010687458
2022-05-31,-0.027315816
2022-06-01,-0.0036577978
2022-06-02,0.0059574763
2022-06-03,0.003007623
2022-06-06,0.0107410075
2022-06-07,-0.012687873
2022-06-08,-0.040928096
2022-06-09,-0.1348382
2022-06-10,-0.18081143
2022-06-13,-0.15806599
2022-06-14,-0.09314053
2022-06-15,-2.8604292e-05
2022-06-16,0.031655874
2022-06-17,0.096882924
2022-06-21,0.09168185
2022-06-22,0.08632867
2022-06-23,0.071730085
2022-06-24,0.010677369
2022-06-27,-0.0030311535
2022-06-28,-0.0138030555
2022-06-29,-0.015963973
2022-06-30,-0.008485591
2022-07-01,-0.008396512
2022-07-05,-0.011696746
2022-07-06,-0.027976718
2022-07-07,-0.014633715
2022-07-08,-0.03831083
2022-07-11,-0.08228347
2022-07-12,-0.08073753
2022-07-13,-0.06308331
2022-07-14,-0.047651164
2022-07-15,-0.05234637
2022-07-18,-0.060613852
2022-07-19,-0.052457545
2022-07-20,-0.092946805
2022-07-21,-0.11055394
2022-07-22,-0.10265334
2022-07-25,-0.08373194
2022-07-26,-0.07094903
2022-07-27,-0.057778124
2022-07-28,-0.0440781
2022-07-29,0.007476102
2022-08-01,0.0027858713
2022-08-02,0.00030400348
2022-08-03,0.004224486
2022-08-04,0.0022726427
2022-08-05,0.00046863628
2022-08-08,0.0075400793
2022-08-09,0.0036859885
2022-08-10,-0.0062529095
2022-08-11,-0.024615217
2022-08-12,-0.023408711
2022-08-15,-0.037024967
2022-08-16,-0.07321377
2022-08-17,-0.077576
2022-08-18,-0.084326826
2022-08-19,-0.10535041
2022-08-22,-0.117504634
2022-08-23,-0.11308758
2022-08-24,-0.073669076
2022-08-25,-0.06887389
2022-08-26,-0.0994227
2022-08-29,-0.06251641
2022-08-30,-0.09519525
2022-08-31,-0.0898017
2022-09-01,-0.06988588
2022-09-02,-0.042497158
2022-09-06,-0.035077833
2022-09-07,-0.025325797
2022-09-08,-0.06825793
2022-09-09,-0.092980586
2022-09-12,-0.122440085
2022-09-13,-0.14504789
2022-09-14,-0.11567683
2022-09-15,-0.15373176
2022-09-16,-0.08764143
2022-09-19,-0.0627647
2022-09-20,-0.0411509
2022-09-21,-0.040168017
2022-09-22,-0.051308367
2022-09-23,-0.030677425
2022-09-26,0.011473285
2022-09-27,0.016536102
2022-09-28,0.011751046
2022-09-29,0.012642618
2022-09-30,0.0018643414
2022-10-03,-0.026007714
2022-10-04,-0.04969398
2022-10-05,-0.069408715
2022-10-06,-0.034583338
2022-10-07,-0.042404022
2022-10-10,-0.05277793
2022-10-11,-0.038247857
2022-10-12,-0.03349544
2022-10-13,-0.017140957
2022-10-14,-0.03181311
2022-10-17,-0.03192487
2022-10-18,-0.01816619
2022-10-19,-0.022049122
2022-10-20,-0.022982454
2022-10-21,-6.65501e-05
2022-10-24,0.0036022826
2022-10-25,0.012300706
2022-10-26,-0.00064802694
2022-10-27,0.0116687035
2022-10-28,0.025142593
2022-10-31,0.03139761
2022-11-01,0.011631582
2022-11-02,0.009033426
2022-11-03,0.0062226797
2022-11-04,0.01739149
2022-11-07,-0.02244437
2022-11-08,-0.061133627
2022-11-09,-0.035750367
2022-11-10,0.0036132936
2022-11-11,-0.017976696
2022-11-14,0.0014016501
2022-11-15,0.003741641
2022-11-16,0.0073974407
2022-11-17,-0.000598434
2022-11-18,-0.0024681636
2022-11-21,-0.0039390977
2022-11-22,0.002681944
2022-11-23,-0.0082187615
2022-11-25,-0.056238215
2022-11-28,-0.01191779
2022-11-29,-0.024652082
2022-11-30,-0.054169234
2022-12-01,-0.053910848
2022-12-02,-0.023469081
2022-12-05,-0.0148803415
2022-12-06,-0.020480199
2022-12-07,-0.0057922336
2022-12-08,0.0042097545
2022-12-09,0.004850659
2022-12-12,0.0061123366
2022-12-13,0.0021709488
2022-12-14,-0.0012974875
2022-12-15,-0.0052720443
2022-12-16,-0.007306881
2022-12-19,-0.00990448
2022-12-20,-0.008870101
2022-12-21,-0.009063171
2022-12-22,-0.0025246604
2022-12-23,-0.008111021
2022-12-27,-0.005322579
2022-12-28,-0.011101576
2022-12-29,-0.014295075
2022-12-30,-0.016400475
2023-01-03,-0.017038837
2023-01-04,-0.014413755
2023-01-05,-0.017227102
2023-01-06,-0.021695297
2023-01-09,-0.011873687
2023-01-10,-0.014500925
2023-01-11,-0.013437959
2023-01-12,-0.0050875763
2023-01-13,-0.012841984
2023-01-17,-0.010991057
2023-01-18,-0.010027209
2023-01-19,-0.013102859
2023-01-20,-0.02689029
2023-01-23,-0.02272556
2023-01-24,-0.024026359
2023-01-25,-0.03220959
2023-01-26,-0.036824312
2023-01-27,-0.039520048
2023-01-30,-0.035019897
2023-01-31,-0.046894528
2023-02-01,-0.0558211
2023-02-02,-0.04693728
2023-02-03,-0.04494628
2023-02-06,-0.026530508
2023-02-07,-0.024094
2023-02-08,-0.025887223
2023-02-09,-0.02597047
2023-02-10,-0.016930673
2023-02-13,-0.017267644
2023-02-14,-0.016129252
2023-02-15,-0.014141232
2023-02-16,-0.016700905
2023-02-17,-0.021853905
2023-02-21,-0.021033803
2023-02-22,-0.039084453
2023-03-29,-0.024919404
2023-03-30,-0.08703172
2023-03-31,-0.15862857
2023-04-03,-0.19605245
2023-04-04,-0.1773593
2023-04-05,-0.1606913
2023-04-06,-0.11948912
2023-04-10,-0.109160885
2023-04-11,-0.1260995
2023-04-12,-0.122925654
2023-04-13,-0.15564622
2023-04-14,-0.120110735
2023-04-17,-0.10984428
2023-04-18,-0.12205441
2023-04-19,-0.11989577
2023-04-20,-0.06129845
2023-04-21,0.027456446
2023-04-24,0.03301231
2023-04-25,-0.024759261
2023-04-26,0.021462264
2023-04-27,0.07810937
2023-04-28,0.058704637
2023-05-01,-0.0859096
2023-05-02,-0.3002786
2023-05-03,-0.20052013
2023-05-04,-0.035783425
2023-05-05,0.057160184
2023-05-08,-0.040245913
2023-05-09,-0.13116153
2023-05-10,-0.16830625
2023-05-11,-0.17206128
2023-05-12,-0.23396878
2023-05-15,-0.18201986
2023-05-16,-0.0869841
2023-05-17,-0.06451393
2023-05-18,-0.09823014
2023-05-19,-0.12959619
2023-05-22,-0.08823339
2023-05-23,-0.10018565
2023-05-24,-0.036804393
2023-05-25,-0.055170864
2023-05-26,-0.032404795
2023-05-30,-0.057690307
2023-05-31,-0.11745204
2023-06-01,-0.09521421
2023-06-02,-0.053590417
2023-06-05,-0.04207416
2023-06-06,-0.13059853
2023-06-07,-0.15398669
2023-06-08,-0.07902761
2023-06-09,-0.10449481
2023-06-12,-0.13658911
2023-06-13,-0.16501997
2023-06-14,-0.24738143
2023-06-15,-0.19961739
2023-06-16,-0.17195624
2023-06-20,-0.1607043
2023-06-21,-0.14320906
2023-06-22,-0.1395955
2023-06-23,-0.08910591
2023-06-26,-0.092492074
2023-06-27,-0.07701321
2023-06-28,-0.05148688
2023-06-29,-0.14109112
2023-06-30,-0.22650729
2023-07-03,-0.16387363
2023-07-05,-0.12795332
2023-07-06,-0.1396021
2023-07-07,-0.17966224
2023-07-10,-0.08069211
2023-07-11,-0.058462888
2023-07-12,-0.11486626
2023-07-13,-0.20831318
2023-07-14,-0.19850731
2023-07-17,-0.21990779
2023-07-18,-0.20245902
2023-07-19,-0.10204539
2023-07-20,-0.07544215
2023-07-21,-0.056950815
2023-07-24,-0.080846675
2023-07-25,-0.075916514
2023-07-26,-0.07661129
2023-07-27,-0.1290258
2023-07-28,-0.14954408
2023-07-31,-0.19006102
2023-08-01,-0.18140572
2023-08-02,-0.22601093
2023-08-03,-0.10839133
2023-08-04,-0.08568839
2023-08-07,0.010655628
2023-08-08,-0.05908773
2023-08-09,-0.057529315
2023-08-10,-0.11017308
2023-08-11,-0.15008396
2023-08-14,-0.12061025
2023-08-15,-0.049190477
2023-08-16,0.01435838
2023-08-17,0.025578873
2023-08-18,0.047738865
2023-08-21,0.023186045
2023-08-22,0.06850828
2023-08-23,0.020577358
2023-08-24,-0.03711708
2023-08-25,-0.03909503
2023-08-28,0.08562006
2023-08-29,0.10245927
2023-08-30,0.04798247
2023-08-31,-0.0068181297
2023-09-01,-0.022520168
2023-09-05,-0.032953843
2023-09-06,-0.039123133
2023-09-07,-0.082454175
2023-09-08,-0.0934705
2023-09-11,-0.063204154
2023-09-12,-0.07073197
2023-09-13,-0.12271176
2023-09-14,-0.11829296
2023-09-15,-0.0816302
2023-09-18,-0.040949106
2023-09-19,-0.056751788
2023-09-20,-0.020170791
2023-09-21,0.0051109577
2023-09-22,0.05301614
2023-09-25,0.024385499
2023-09-26,0.024099002
2023-09-27,0.065825135
2023-09-28,0.10568972
2023-09-29,0.18912457
2023-10-02,0.20860644
2023-10-03,0.21665163
2023-10-04,0.17778508
2023-10-05,0.15779255
2023-10-06,0.24323793
2023-10-09,0.30321193
2023-10-10,0.35711646
2023-10-11,0.30857074
2023-10-12,0.24173056
2023-10-13,0.18767397
2023-10-16,0.18650423
2023-10-17,0.12412734
2023-10-18,0.124173805
2023-10-19,-0.011794998
2023-10-20,0.022243949
2023-10-23,0.025353039
2023-10-24,-0.05178816
2023-10-25,-0.10576235
2023-10-26,-0.054215256
2023-10-27,0.0593539
2023-10-30,0.10875081
2023-10-31,0.09191687
2023-11-01,0.052288003
2023-11-02,0.028939905
2023-11-03,0.069643036
2023-11-06,0.04060848
2023-11-07,0.028054493
2023-11-08,0.032783017
2023-11-09,-0.032293186
2023-11-10,-0.11225775
2023-11-13,-0.11831716
2023-11-14,-0.15699773
2023-11-15,-0.16147475
2023-11-16,-0.19953471
2023-11-17,-0.3146109
2023-11-20,-0.34707212
2023-11-21,-0.1998065
2023-11-22,-0.09856527
2023-11-24,-0.113871664
2023-11-27,-0.10160537
2023-11-28,0.026199175
2023-11-29,0.0022865257
2023-11-30,-0.05395846
2023-12-01,-0.11074297
2023-12-04,-0.13352577
2023-12-05,-0.11436857
2023-12-06,-0.10180029
2023-12-07,-0.06811925
2023-12-08,-0.09047108
2023-12-11,-0.18038394
2023-12-12,-0.29106712
2023-12-13,-0.27000356
2023-12-14,-0.2721469
2023-12-15,-0.35046253
2023-12-18,-0.3643716
2023-12-19,-0.41764602
2023-12-20,-0.40703973
2023-12-21,-0.27786505
2023-12-22,-0.23150787
2023-12-26,-0.21645714
2023-12-27,-0.21067737
2023-12-28,-0.1442753
2023-12-29,-0.049274962
2024-01-02,-0.07704354
2024-01-03,-0.12880075
2024-01-04,-0.16623591
2024-01-05,-0.12510225
2024-01-08,-0.02636548
2024-01-09,-0.0458071
2024-01-10,-0.19112042
2024-01-11,-0.23738131
2024-01-12,-0.21349981
2024-01-16,-0.2701097
2024-01-17,-0.3147209
2024-01-18,-0.27801913
2024-01-19,-0.21880917
2024-01-22,-0.28030685
2024-01-23,-0.29364508
2024-01-24,-0.2089994
2024-01-25,-0.1378839
2024-01-26,-0.28826156
2024-01-29,-0.3401577
2024-01-30,-0.32751316
2024-01-31,-0.29151112
2024-02-01,-0.24505459
2024-02-02,-0.23104653
2024-02-05,-0.18564175
2024-02-06,-0.22960098
2024-02-07,-0.20494506
2024-02-08,-0.14707719
2024-02-09,-0.212337
2024-02-12,-0.2771214
2024-02-13,-0.27726054
2024-02-14,-0.27359658
2024-02-15,-0.2587265
2024-02-16,-0.27194935
2024-02-20,-0.2897819
2024-02-21,-0.35705984
2024-02-22,-0.33808506
2024-03-28,-0.0009862105
2024-04-01,0.006303676
2024-04-02,0.01476974
2024-04-03,0.04333452
2024-04-04,0.028870203
2024-04-05,0.07793061
2024-04-08,0.05934126
2024-04-09,0.058263935
2024-04-10,0.026994295
2024-04-11,0.044166036
2024-04-12,0.06281815
2024-04-15,0.08611242
2024-04-16,0.092759766
2024-04-17,0.10059885
2024-04-18,0.10929898
2024-04-19,0.11288003
2024-04-22,0.15163611
2024-04-23,0.1809256
2024-04-24,0.115131654
2024-04-25,0.06906525
2024-04-26,0.0799881
2024-04-29,0.09390739
2024-04-30,0.06826488
2024-05-01,0.052291967
2024-05-02,0.077201165
2024-05-03,0.07356886
2024-05-06,0.047905363
2024-05-07,0.0395566
2024-05-08,0.042316385
2024-05-09,0.028079577
2024-05-10,0.0668707
2024-05-13,0.10286973
2024-05-14,0.087656595
2024-05-15,0.11293832
2024-05-16,0.13993804
2024-05-17,0.16101761
2024-05-20,0.16020824
2024-05-21,0.22487332
2024-05-22,0.24212389
2024-05-23,0.1877162
2024-05-24,0.15267105
2024-05-28,0.15232398
2024-05-29,0.16131245
2024-05-30,0.13720228
2024-05-31,0.17978553
2024-06-03,0.17710476
2024-06-04,0.18360539
2024-06-05,0.19606481
2024-06-06,0.17355429
2024-06-07,0.18113153
2024-06-10,0.1851208
2024-06-11,0.18542267
2024-06-12,0.17786919
2024-06-13,0.20660038
2024-06-14,0.18701388
2024-06-17,0.19273241
2024-06-18,0.17152102
2024-06-20,0.17859031
2024-06-21,0.20086537
2024-06-24,0.18847068
2024-06-25,0.18157192
2024-06-26,0.18247037
2024-06-27,0.17513137
2024-06-28,0.16533928
2024-07-01,0.17015953
2024-07-02,0.20832013
2024-07-03,0.23345654
2024-07-05,0.19910447
2024-07-08,0.19322293
2024-07-09,0.20542933
2024-07-10,0.20919745
2024-07-11,0.2150176
2024-07-12,0.19201724
2024-07-15,0.1848497
2024-07-16,0.19091134
2024-07-17,0.1675405
2024-07-18,0.1957417
2024-07-19,0.20585217
2024-07-22,0.2198066
2024-07-23,0.22250114
2024-07-24,0.22838543
2024-07-25,0.223365
2024-07-26,0.2558979
2024-07-29,0.2973509
2024-07-30,0.32102838
2024-07-31,0.29923734
2024-08-01,0.22065239
2024-08-02,0.16727869
2024-08-05,0.21141888
2024-08-06,0.22668625
2024-08-07,0.16475426
2024-08-08,0.17223518
2024-08-09,0.048401453
2024-08-12,0.06170941
2024-08-13,0.16540025
2024-08-14,0.04878644
2024-08-15,0.013278253
2024-08-16,0.001408257
2024-08-19,-0.15048482
2024-08-20,-0.19088148
2024-08-21,-0.18799122
2024-08-22,-0.13089435
2024-08-23,-0.046859436
2024-08-26,-0.17608978
2024-08-27,-0.20175414
2024-08-28,-0.34921065
2024-08-29,-0.34287652
2024-08-30,-0.29249343
2024-09-03,-0.21664385
2024-09-04,-0.15428911
2024-09-05,-0.075107865
2024-09-06,-0.10370382
2024-09-09,-0.12236851
2024-09-10,-0.123823725
2024-09-11,-0.15246715
2024-09-12,-0.23189388
2024-09-13,-0.25502998
2024-09-16,-0.257591
2024-09-17,-0.2130384
2024-09-18,-0.1600952
2024-09-19,-0.19145031
2024-09-20,-0.15667935
2024-09-23,-0.18962376
2024-09-24,-0.13057578
2024-09-25,-0.095919855
2024-09-26,-0.082709424
2024-09-27,-0.07490083
2024-09-30,-0.11386322
2024-10-01,-0.15107109
2024-10-02,-0.0730493
2024-10-03,-0.12056286
2024-10-04,-0.043930195
2024-10-07,-0.019515209
2024-10-08,-0.015969329
2024-10-09,0.017001756
2024-10-10,-0.018737994
2024-10-11,-0.017930292
2024-10-14,0.03657908
2024-10-15,-0.027715348
2024-10-16,0.004140564
2024-10-17,0.0493863
2024-10-18,0.058675416
2024-10-21,0.10650737
2024-10-22,0.10179094
2024-10-23,0.0556278
2024-10-24,0.06059418
2024-10-25,0.09069873
2024-10-28,0.11223889
2024-10-29,0.12329156
2024-10-30,0.10187141
2024-10-31,0.082087584
2024-11-01,0.13162588
2024-11-04,0.13321163
2024-11-05,0.1721939
2024-11-06,0.0952319
2024-11-07,0.0398056
2024-11-08,0.062481172
2024-11-11,0.04219196
2024-11-12,0.08153964
2024-11-13,0.073804714
2024-11-14,0.043755062
2024-11-15,0.053273864
2024-11-18,0.06850014
2024-11-19,0.13106121
2024-11-20,0.17416297
2024-11-21,0.18364383
2024-11-22,0.20401688
2024-11-25,0.16049586
2024-11-26,0.023282774
2024-11-27,0.022180595
2024-11-29,0.061691858
2024-12-02,0.036317565
2024-12-03,0.0986943
2024-12-04,0.03021834
2024-12-05,0.02701334
2024-12-06,0.037389614
2024-12-09,0.0203057
2024-12-10,0.072498836
2024-12-11,0.09132735
2024-12-12,0.086405255
2024-12-13,0.118128814
2024-12-16,0.15063606
2024-12-17,0.13320641
2024-12-18,0.14635275
2024-12-19,0.17852567
2024-12-20,0.22921644
2024-12-23,0.22651617
2024-12-24,0.10841403
2024-12-26,0.1103671
2024-12-27,0.096154846
2024-12-30,0.19440006
2024-12-31,0.2846819
2025-01-02,0.39064428
2025-01-03,0.49366882
2025-01-06,0.4154059
2025-01-07,0.32127133
2025-01-08,0.3304014
2025-01-10,0.3300691
2025-01-13,0.45857295
2025-01-14,0.44220808
2025-01-15,0.32504293
2025-01-16,0.15845935
2025-01-17,0.15452783
2025-01-21,0.17003678
2025-01-22,0.13167314
2025-01-23,0.15044622
2025-01-24,0.12551038
2025-01-27,0.096034445
2025-01-28,0.10254232
2025-01-29,0.149433
2025-01-30,0.2396472
2025-01-31,0.26132014
2025-02-03,0.26013467
2025-02-04,0.23287968
2025-02-05,0.22080432
2025-02-06,0.25527158
2025-02-07,0.27817675
2025-02-10,0.30518946
2025-02-11,0.30849925
2025-02-12,0.35627708
2025-02-13,0.35772166
2025-02-14,0.3363931
2025-02-18,0.29774597
2025-02-19,0.30520168
2025-02-20,0.2727656
2025-02-21,0.3189132
